temperature,rain,light,soil,umbrella
33.34,False,HIGH,MOIST,OPEN
29.72,False,LOW,DRY,OPEN
38.15,False,LOW,DRY,OPEN
36.93,True,LOW,MOIST,CLOSED
25.53,True,LOW,DRY,CLOSED
25.8,False,LOW,MOIST,CLOSED
25.14,False,HIGH,DRY,CLOSED
29.51,True,LOW,MOIST,CLOSED
27.14,True,HIGH,MOIST,CLOSED
23.16,False,LOW,DRY,CLOSED
24.7,True,HIGH,MOIST,OPEN
28.49,True,LOW,MOIST,OPEN
30.34,False,LOW,DRY,OPEN
21.08,True,HIGH,MOIST,OPEN
28.25,False,HIGH,DRY,CLOSED
22.46,True,HIGH,MOIST,OPEN
23.19,False,HIGH,MOIST,CLOSED
33.81,False,LOW,MOIST,OPEN
38.45,True,LOW,DRY,OPEN
24.41,False,LOW,MOIST,CLOSED
34.98,False,LOW,DRY,OPEN
35.68,True,LOW,DRY,OPEN
20.21,False,LOW,DRY,CLOSED
31.6,True,LOW,MOIST,OPEN
20.63,True,HIGH,MOIST,OPEN
24.42,True,LOW,MOIST,OPEN
38.2,False,HIGH,MOIST,CLOSED
38.87,False,LOW,DRY,CLOSED
33.07,False,LOW,DRY,CLOSED
20.41,False,HIGH,DRY,CLOSED
34.95,True,HIGH,MOIST,OPEN
34.4,True,LOW,DRY,OPEN
32.98,True,LOW,DRY,OPEN
39.17,True,HIGH,MOIST,OPEN
31.68,False,LOW,DRY,CLOSED
36.48,True,HIGH,DRY,OPEN
28.58,False,HIGH,DRY,CLOSED
30.01,True,LOW,DRY,OPEN
24.1,True,LOW,MOIST,OPEN
36.1,True,HIGH,MOIST,OPEN
38.84,True,HIGH,MOIST,OPEN
37.75,False,LOW,MOIST,CLOSED
30.08,True,LOW,DRY,CLOSED
32.19,False,HIGH,MOIST,CLOSED
31.3,False,HIGH,MOIST,CLOSED
33.03,True,HIGH,MOIST,CLOSED
23.58,True,HIGH,MOIST,CLOSED
32.24,False,HIGH,MOIST,CLOSED
39.61,False,LOW,DRY,CLOSED
22.01,True,HIGH,DRY,OPEN
24.31,False,HIGH,MOIST,CLOSED
33.27,False,LOW,DRY,CLOSED
22.71,False,LOW,MOIST,CLOSED
31.13,True,HIGH,MOIST,OPEN
37.07,False,HIGH,MOIST,CLOSED
31.96,True,HIGH,MOIST,OPEN
35.44,False,HIGH,MOIST,CLOSED
32.98,False,LOW,DRY,CLOSED
39.0,True,LOW,DRY,OPEN
23.85,True,HIGH,MOIST,OPEN
39.83,False,HIGH,MOIST,CLOSED
29.82,True,HIGH,MOIST,OPEN
35.85,False,LOW,MOIST,CLOSED
26.12,True,LOW,MOIST,OPEN
38.11,True,HIGH,MOIST,OPEN
20.89,False,LOW,MOIST,CLOSED
35.38,False,LOW,MOIST,CLOSED
37.07,False,LOW,DRY,CLOSED
39.65,True,HIGH,DRY,OPEN
34.93,False,HIGH,MOIST,CLOSED
32.89,True,HIGH,MOIST,OPEN
21.8,True,HIGH,DRY,OPEN
38.23,False,HIGH,DRY,CLOSED
37.78,False,HIGH,MOIST,CLOSED
39.68,False,LOW,MOIST,CLOSED
32.92,False,HIGH,DRY,CLOSED
20.72,False,LOW,MOIST,CLOSED
32.96,True,HIGH,MOIST,OPEN
33.49,True,LOW,MOIST,OPEN
21.41,True,LOW,DRY,OPEN
21.61,True,HIGH,DRY,OPEN
28.52,True,LOW,DRY,OPEN
22.09,True,HIGH,MOIST,OPEN
23.16,True,LOW,MOIST,OPEN
21.83,True,HIGH,DRY,OPEN
20.64,True,HIGH,DRY,OPEN
27.73,True,LOW,MOIST,OPEN
33.47,True,LOW,MOIST,OPEN
32.7,False,LOW,MOIST,CLOSED
35.14,False,LOW,MOIST,CLOSED
32.65,False,LOW,MOIST,CLOSED
25.58,False,HIGH,DRY,CLOSED
20.38,False,HIGH,MOIST,CLOSED
28.38,True,LOW,DRY,OPEN
26.53,False,LOW,DRY,CLOSED
32.22,False,HIGH,DRY,CLOSED
27.63,False,HIGH,DRY,CLOSED
33.24,True,HIGH,DRY,OPEN
34.57,False,HIGH,MOIST,CLOSED
34.69,True,LOW,DRY,OPEN
38.61,False,HIGH,MOIST,CLOSED
24.11,False,HIGH,DRY,CLOSED
22.14,True,LOW,DRY,OPEN
32.19,False,LOW,MOIST,CLOSED
30.79,True,LOW,DRY,OPEN
38.81,True,LOW,DRY,OPEN
35.52,False,HIGH,MOIST,CLOSED
34.71,False,HIGH,DRY,CLOSED
29.99,True,HIGH,DRY,OPEN
30.57,False,HIGH,MOIST,CLOSED
34.88,True,HIGH,MOIST,OPEN
20.76,True,HIGH,MOIST,OPEN
37.43,False,LOW,DRY,CLOSED
30.29,True,LOW,DRY,OPEN
39.37,True,HIGH,MOIST,OPEN
38.82,True,LOW,MOIST,OPEN
30.23,True,LOW,DRY,OPEN
22.99,False,HIGH,MOIST,CLOSED
26.25,False,HIGH,DRY,CLOSED
25.35,False,LOW,DRY,CLOSED
30.52,True,LOW,DRY,OPEN
35.36,True,HIGH,DRY,OPEN
22.65,False,LOW,DRY,CLOSED
27.71,False,HIGH,MOIST,CLOSED
35.54,False,LOW,MOIST,CLOSED
26.64,True,HIGH,DRY,OPEN
32.48,True,LOW,DRY,OPEN
30.51,False,HIGH,DRY,CLOSED
31.33,False,HIGH,MOIST,CLOSED
20.81,False,LOW,MOIST,CLOSED
26.85,True,HIGH,MOIST,OPEN
33.0,False,HIGH,MOIST,CLOSED
32.66,True,LOW,DRY,OPEN
26.16,True,HIGH,DRY,OPEN
20.67,True,HIGH,DRY,OPEN
37.03,True,LOW,MOIST,OPEN
31.01,False,LOW,MOIST,CLOSED
26.66,False,HIGH,DRY,CLOSED
24.27,False,LOW,DRY,CLOSED
26.03,False,HIGH,MOIST,CLOSED
37.29,False,HIGH,DRY,CLOSED
33.13,False,HIGH,MOIST,CLOSED
31.29,True,HIGH,DRY,OPEN
29.63,True,LOW,DRY,OPEN
37.49,True,LOW,DRY,OPEN
24.53,False,LOW,DRY,CLOSED
31.91,True,LOW,MOIST,OPEN
29.63,True,LOW,DRY,OPEN
28.78,False,HIGH,DRY,CLOSED
21.26,False,LOW,MOIST,CLOSED
37.61,True,LOW,DRY,OPEN
29.5,True,LOW,MOIST,OPEN
27.85,False,LOW,DRY,CLOSED
34.91,False,HIGH,DRY,CLOSED
25.2,False,HIGH,DRY,CLOSED
25.26,False,HIGH,DRY,CLOSED
36.17,True,HIGH,MOIST,OPEN
34.12,True,HIGH,DRY,OPEN
28.69,False,LOW,DRY,CLOSED
39.94,True,LOW,MOIST,OPEN
32.68,False,HIGH,DRY,CLOSED
35.63,False,LOW,MOIST,CLOSED
24.29,False,HIGH,MOIST,CLOSED
26.85,True,HIGH,MOIST,OPEN
25.97,False,HIGH,DRY,CLOSED
25.35,False,HIGH,MOIST,CLOSED
22.05,False,HIGH,MOIST,CLOSED
28.58,True,LOW,MOIST,OPEN
20.79,False,LOW,DRY,CLOSED
31.04,False,LOW,DRY,CLOSED
37.35,True,HIGH,MOIST,OPEN
28.93,True,HIGH,DRY,OPEN
34.3,True,HIGH,DRY,OPEN
39.42,True,LOW,MOIST,OPEN
21.96,False,LOW,MOIST,CLOSED
32.08,True,HIGH,DRY,OPEN
37.26,False,HIGH,MOIST,CLOSED
38.44,True,HIGH,MOIST,OPEN
29.85,False,LOW,DRY,CLOSED
38.34,True,LOW,DRY,OPEN
23.5,False,HIGH,DRY,CLOSED
28.02,True,LOW,DRY,OPEN
21.88,True,LOW,DRY,OPEN
23.66,False,HIGH,MOIST,CLOSED
31.65,True,LOW,DRY,OPEN
35.32,True,HIGH,MOIST,OPEN
25.85,False,HIGH,DRY,CLOSED
27.46,True,LOW,DRY,OPEN
28.66,False,LOW,MOIST,CLOSED
22.87,False,LOW,MOIST,CLOSED
30.98,False,LOW,DRY,CLOSED
22.41,True,HIGH,DRY,OPEN
20.59,False,HIGH,DRY,CLOSED
21.65,False,LOW,MOIST,CLOSED
23.11,True,LOW,MOIST,OPEN
28.75,True,HIGH,DRY,OPEN
34.25,True,HIGH,MOIST,OPEN
26.59,False,LOW,DRY,CLOSED
35.89,False,LOW,DRY,CLOSED
22.34,True,LOW,MOIST,OPEN
29.65,False,HIGH,DRY,CLOSED
25.86,True,HIGH,MOIST,OPEN
26.52,True,LOW,MOIST,OPEN
36.39,True,LOW,DRY,OPEN
20.53,False,HIGH,DRY,CLOSED
29.51,True,HIGH,MOIST,OPEN
28.12,False,LOW,DRY,CLOSED
38.96,False,LOW,MOIST,CLOSED
26.55,False,HIGH,MOIST,CLOSED
29.13,True,LOW,DRY,OPEN
20.37,False,LOW,DRY,CLOSED
38.05,True,HIGH,DRY,OPEN
25.89,False,LOW,MOIST,CLOSED
29.54,False,LOW,MOIST,CLOSED
34.65,False,HIGH,DRY,CLOSED
22.91,False,LOW,DRY,CLOSED
24.02,False,LOW,MOIST,CLOSED
36.35,True,LOW,DRY,OPEN
27.5,True,HIGH,MOIST,OPEN
31.72,False,HIGH,DRY,CLOSED
35.16,True,HIGH,MOIST,CLOSED
30.3,False,HIGH,MOIST,CLOSED
39.26,True,LOW,MOIST,OPEN
22.44,True,HIGH,DRY,OPEN
32.96,False,LOW,MOIST,CLOSED
20.39,True,HIGH,DRY,OPEN
21.66,False,LOW,MOIST,CLOSED
21.01,True,LOW,MOIST,OPEN
38.8,True,LOW,MOIST,OPEN
33.87,False,LOW,DRY,CLOSED
29.23,False,HIGH,DRY,CLOSED
29.12,False,HIGH,MOIST,CLOSED
20.29,True,HIGH,MOIST,OPEN
35.52,False,LOW,DRY,CLOSED
36.79,True,HIGH,DRY,OPEN
29.39,True,LOW,MOIST,OPEN
20.94,True,LOW,DRY,OPEN
31.53,False,LOW,MOIST,CLOSED
38.01,True,HIGH,MOIST,OPEN
38.26,True,LOW,DRY,OPEN
21.5,False,HIGH,MOIST,CLOSED
30.5,True,HIGH,MOIST,OPEN
36.78,False,LOW,DRY,CLOSED
38.39,False,LOW,DRY,CLOSED
21.27,True,LOW,MOIST,OPEN
25.13,False,HIGH,MOIST,CLOSED
37.4,False,HIGH,MOIST,CLOSED
21.22,True,HIGH,MOIST,OPEN
29.42,True,HIGH,DRY,OPEN
28.0,False,LOW,DRY,CLOSED
33.67,True,LOW,MOIST,OPEN
25.78,False,HIGH,DRY,CLOSED
26.56,False,HIGH,MOIST,CLOSED
37.12,True,LOW,DRY,OPEN
31.12,True,HIGH,MOIST,OPEN
32.95,False,LOW,DRY,CLOSED
20.12,True,LOW,DRY,OPEN
28.7,True,HIGH,DRY,OPEN
36.68,True,HIGH,MOIST,OPEN
27.95,False,LOW,DRY,CLOSED
20.61,False,LOW,DRY,CLOSED
32.88,True,LOW,DRY,OPEN
20.36,True,HIGH,MOIST,OPEN
32.55,False,HIGH,DRY,CLOSED
20.2,False,HIGH,MOIST,CLOSED
28.04,True,LOW,MOIST,OPEN
25.13,True,HIGH,DRY,OPEN
36.2,False,HIGH,DRY,CLOSED
28.74,True,LOW,DRY,OPEN
35.55,True,LOW,DRY,OPEN
34.95,True,HIGH,DRY,OPEN
31.89,True,LOW,DRY,OPEN
21.73,False,HIGH,MOIST,CLOSED
33.23,True,LOW,DRY,OPEN
25.92,False,HIGH,DRY,CLOSED
36.93,False,LOW,MOIST,CLOSED
23.33,True,HIGH,DRY,OPEN
20.57,True,LOW,MOIST,OPEN
30.18,True,HIGH,MOIST,OPEN
30.31,True,HIGH,DRY,OPEN
35.2,False,LOW,DRY,OPEN
33.94,False,LOW,DRY,OPEN
20.16,False,HIGH,MOIST,CLOSED
21.56,False,LOW,MOIST,CLOSED
27.24,False,LOW,DRY,CLOSED
29.77,True,HIGH,DRY,OPEN
32.48,True,LOW,MOIST,OPEN
29.03,True,HIGH,MOIST,OPEN
34.66,True,LOW,DRY,OPEN
39.02,True,HIGH,DRY,OPEN
20.32,True,LOW,DRY,OPEN
27.54,False,HIGH,MOIST,CLOSED
39.85,True,LOW,DRY,OPEN
36.82,False,LOW,DRY,OPEN
31.22,True,HIGH,MOIST,OPEN
36.64,False,HIGH,MOIST,OPEN
34.16,True,HIGH,MOIST,OPEN
20.22,True,HIGH,MOIST,OPEN
33.44,False,LOW,MOIST,OPEN
22.72,True,HIGH,MOIST,OPEN
21.09,False,LOW,MOIST,CLOSED
35.79,True,LOW,MOIST,OPEN
38.38,False,HIGH,MOIST,OPEN
21.2,False,HIGH,DRY,CLOSED
28.31,True,LOW,MOIST,OPEN
39.16,True,HIGH,MOIST,OPEN
33.5,True,LOW,DRY,OPEN
25.66,False,HIGH,DRY,CLOSED
38.29,True,HIGH,DRY,OPEN
26.43,False,LOW,MOIST,CLOSED
28.15,False,LOW,MOIST,CLOSED
23.56,False,LOW,DRY,CLOSED
37.36,True,LOW,DRY,OPEN
36.17,False,LOW,DRY,OPEN
28.48,False,HIGH,MOIST,CLOSED
39.08,False,LOW,DRY,OPEN
35.33,False,LOW,MOIST,OPEN
32.35,False,HIGH,DRY,OPEN
20.98,False,HIGH,MOIST,CLOSED
35.01,False,HIGH,MOIST,OPEN
30.89,True,LOW,MOIST,OPEN
24.4,True,LOW,MOIST,OPEN
28.16,False,HIGH,MOIST,CLOSED
30.22,False,HIGH,MOIST,OPEN
32.48,True,LOW,MOIST,OPEN
23.93,False,HIGH,MOIST,CLOSED
21.65,False,HIGH,DRY,CLOSED
33.55,True,HIGH,DRY,OPEN
24.42,False,HIGH,MOIST,CLOSED
27.52,True,LOW,MOIST,OPEN
29.7,False,LOW,DRY,CLOSED
39.26,True,LOW,DRY,OPEN
31.54,False,HIGH,MOIST,OPEN
25.78,True,LOW,DRY,OPEN
32.69,False,HIGH,DRY,OPEN
35.9,True,LOW,DRY,OPEN
32.7,False,HIGH,MOIST,OPEN
35.68,True,HIGH,MOIST,OPEN
31.2,True,LOW,DRY,OPEN
26.8,True,HIGH,MOIST,OPEN
35.91,True,LOW,MOIST,OPEN
25.74,True,LOW,DRY,OPEN
39.48,False,HIGH,MOIST,OPEN
36.03,True,LOW,DRY,OPEN
32.4,True,HIGH,MOIST,OPEN
24.27,False,LOW,MOIST,CLOSED
37.42,False,HIGH,MOIST,OPEN
24.72,False,LOW,MOIST,CLOSED
28.7,False,HIGH,MOIST,CLOSED
22.38,False,HIGH,DRY,CLOSED
36.52,False,HIGH,MOIST,OPEN
30.4,True,LOW,DRY,OPEN
20.27,False,HIGH,MOIST,CLOSED
24.71,True,LOW,MOIST,OPEN
21.31,False,LOW,MOIST,CLOSED
29.49,True,LOW,DRY,OPEN
31.93,True,LOW,DRY,OPEN
32.14,True,HIGH,DRY,OPEN
28.23,False,HIGH,DRY,CLOSED
28.24,True,LOW,MOIST,OPEN
33.39,False,LOW,DRY,OPEN
34.73,False,LOW,MOIST,OPEN
21.65,False,LOW,MOIST,CLOSED
36.68,True,HIGH,MOIST,OPEN
21.86,False,HIGH,DRY,CLOSED
31.93,False,LOW,MOIST,OPEN
34.65,True,LOW,DRY,OPEN
22.47,True,HIGH,DRY,OPEN
36.89,True,HIGH,DRY,OPEN
31.84,False,HIGH,MOIST,OPEN
28.4,True,LOW,DRY,OPEN
31.78,True,LOW,MOIST,OPEN
27.04,True,HIGH,MOIST,OPEN
30.76,False,LOW,DRY,OPEN
24.18,False,LOW,MOIST,CLOSED
34.59,True,LOW,MOIST,OPEN
31.65,True,LOW,DRY,OPEN
26.61,True,HIGH,MOIST,OPEN
32.8,False,LOW,MOIST,OPEN
24.78,False,LOW,MOIST,CLOSED
33.63,False,LOW,DRY,OPEN
32.35,True,LOW,MOIST,OPEN
27.02,True,LOW,MOIST,OPEN
34.26,False,LOW,DRY,OPEN
22.7,False,LOW,DRY,CLOSED
32.03,False,HIGH,DRY,OPEN
25.86,False,LOW,DRY,CLOSED
37.08,False,LOW,DRY,OPEN
25.49,False,HIGH,MOIST,CLOSED
34.4,False,LOW,DRY,OPEN
30.13,False,LOW,DRY,OPEN
29.35,False,LOW,MOIST,CLOSED
38.17,True,HIGH,DRY,OPEN
25.97,True,LOW,DRY,OPEN
21.49,False,HIGH,MOIST,CLOSED
28.23,True,HIGH,DRY,OPEN
28.44,False,HIGH,MOIST,CLOSED
20.08,True,LOW,DRY,OPEN
29.2,False,LOW,MOIST,CLOSED
39.1,False,LOW,DRY,OPEN
29.3,True,HIGH,MOIST,OPEN
23.66,False,HIGH,DRY,CLOSED
23.01,False,HIGH,DRY,CLOSED
33.06,True,HIGH,DRY,OPEN
27.84,True,HIGH,MOIST,OPEN
31.61,False,HIGH,MOIST,OPEN
23.81,False,HIGH,MOIST,CLOSED
30.13,False,HIGH,DRY,OPEN
38.93,True,LOW,DRY,OPEN
27.89,False,LOW,DRY,CLOSED
25.03,True,HIGH,MOIST,OPEN
21.03,True,LOW,DRY,OPEN
32.75,False,HIGH,DRY,OPEN
25.65,True,LOW,MOIST,OPEN
24.45,False,HIGH,DRY,CLOSED
24.45,True,LOW,MOIST,OPEN
28.22,False,LOW,MOIST,CLOSED
27.1,True,HIGH,DRY,OPEN
26.8,False,LOW,DRY,CLOSED
28.33,True,HIGH,MOIST,OPEN
22.41,False,HIGH,MOIST,CLOSED
38.54,False,LOW,DRY,OPEN
30.85,False,HIGH,DRY,OPEN
28.22,False,LOW,DRY,CLOSED
23.65,False,LOW,DRY,CLOSED
39.69,True,HIGH,MOIST,OPEN
21.99,True,HIGH,MOIST,OPEN
35.06,False,HIGH,DRY,OPEN
25.52,True,LOW,MOIST,OPEN
36.71,False,HIGH,DRY,OPEN
32.9,True,LOW,MOIST,OPEN
22.4,True,LOW,MOIST,OPEN
37.87,False,LOW,MOIST,OPEN
27.26,True,HIGH,MOIST,OPEN
38.24,False,HIGH,DRY,OPEN
25.01,False,LOW,DRY,CLOSED
25.57,False,HIGH,MOIST,CLOSED
31.45,True,HIGH,MOIST,OPEN
34.17,True,HIGH,DRY,OPEN
21.59,True,LOW,MOIST,OPEN
28.29,True,LOW,MOIST,OPEN
31.16,False,HIGH,DRY,OPEN
33.95,True,LOW,MOIST,OPEN
38.02,False,LOW,DRY,OPEN
31.4,True,LOW,MOIST,OPEN
36.11,True,HIGH,MOIST,OPEN
39.5,False,HIGH,MOIST,OPEN
31.1,True,LOW,MOIST,OPEN
32.85,True,LOW,DRY,OPEN
25.53,True,HIGH,MOIST,OPEN
31.23,True,HIGH,DRY,OPEN
35.49,False,LOW,MOIST,OPEN
23.83,True,LOW,MOIST,OPEN
21.73,True,LOW,DRY,OPEN
25.69,True,LOW,DRY,OPEN
29.38,True,HIGH,MOIST,OPEN
38.2,True,LOW,MOIST,OPEN
23.97,True,HIGH,DRY,OPEN
38.49,True,LOW,DRY,OPEN
34.81,True,HIGH,MOIST,OPEN
38.29,True,LOW,MOIST,OPEN
38.83,False,HIGH,DRY,OPEN
37.78,True,LOW,MOIST,OPEN
36.32,True,LOW,MOIST,OPEN
33.2,True,LOW,DRY,OPEN
30.79,True,HIGH,DRY,OPEN
26.58,True,LOW,DRY,OPEN
39.16,False,LOW,DRY,OPEN
27.66,False,LOW,MOIST,CLOSED
32.93,True,HIGH,MOIST,OPEN
34.55,True,LOW,MOIST,OPEN
27.79,False,HIGH,MOIST,CLOSED
37.85,True,LOW,DRY,OPEN
33.44,False,LOW,DRY,OPEN
39.68,True,HIGH,DRY,OPEN
29.2,False,LOW,DRY,CLOSED
27.16,True,HIGH,MOIST,OPEN
20.37,False,LOW,MOIST,CLOSED
37.08,True,HIGH,DRY,OPEN
25.67,False,HIGH,DRY,CLOSED
25.46,False,LOW,DRY,CLOSED
31.39,False,HIGH,MOIST,OPEN
29.48,True,LOW,DRY,OPEN
24.3,False,HIGH,MOIST,CLOSED
20.64,True,LOW,DRY,OPEN
30.69,False,LOW,MOIST,OPEN
34.14,True,LOW,DRY,OPEN
35.75,True,HIGH,DRY,OPEN
38.4,True,HIGH,MOIST,OPEN
35.34,False,LOW,MOIST,OPEN
21.01,False,HIGH,DRY,CLOSED
22.66,False,HIGH,DRY,CLOSED
29.93,False,LOW,DRY,CLOSED
32.77,True,LOW,DRY,OPEN
32.2,False,LOW,MOIST,OPEN
20.01,False,LOW,DRY,CLOSED
27.25,False,LOW,MOIST,CLOSED
38.0,False,LOW,MOIST,OPEN
38.95,False,HIGH,MOIST,OPEN
25.46,True,LOW,DRY,OPEN
39.43,True,LOW,DRY,OPEN
39.52,False,HIGH,MOIST,OPEN
36.74,False,LOW,DRY,OPEN
21.11,True,HIGH,DRY,OPEN
36.35,False,HIGH,MOIST,OPEN
32.71,True,HIGH,DRY,OPEN
33.39,True,LOW,DRY,OPEN
24.75,False,HIGH,DRY,CLOSED
36.23,True,HIGH,MOIST,OPEN
29.09,False,LOW,MOIST,CLOSED
39.09,True,LOW,DRY,OPEN
33.81,False,LOW,MOIST,OPEN
28.97,True,HIGH,MOIST,OPEN
37.06,True,LOW,MOIST,OPEN
38.18,True,HIGH,MOIST,OPEN
32.42,False,HIGH,DRY,OPEN
21.21,True,LOW,MOIST,OPEN
28.53,False,LOW,MOIST,CLOSED
20.42,True,LOW,MOIST,OPEN
24.87,True,LOW,DRY,OPEN
28.21,False,HIGH,DRY,CLOSED
38.36,False,HIGH,MOIST,OPEN
25.29,True,LOW,DRY,OPEN
38.4,True,HIGH,DRY,OPEN
39.23,False,LOW,MOIST,OPEN
33.08,False,HIGH,DRY,OPEN
38.36,False,LOW,DRY,OPEN
33.98,False,LOW,DRY,OPEN
31.7,False,LOW,DRY,OPEN
39.45,False,LOW,MOIST,OPEN
20.89,True,LOW,MOIST,OPEN
23.45,False,MOIST,CLOSED
20.04,False,MOIST,CLOSED
38.26,False,DRY,OPEN
23.82,True,DRY,CLOSED
35.9,True,DRY,CLOSED
27.31,False,DRY,CLOSED
35.96,False,DRY,OPEN
31.91,False,MOIST,OPEN
26.19,False,DRY,CLOSED
36.79,False,MOIST,OPEN
29.97,False,MOIST,CLOSED
31.11,True,MOIST,OPEN
20.8,False,MOIST,CLOSED
27.96,False,MOIST,CLOSED
36.52,True,DRY,CLOSED
34.31,True,MOIST,OPEN
20.57,False,MOIST,CLOSED
29.66,False,MOIST,CLOSED
36.42,True,DRY,CLOSED
22.12,False,MOIST,CLOSED
22.33,True,MOIST,OPEN
31.64,False,DRY,OPEN
39.18,True,MOIST,OPEN
20.0,False,MOIST,CLOSED
39.55,False,DRY,OPEN
25.15,True,MOIST,OPEN
34.06,True,DRY,CLOSED
31.98,True,DRY,CLOSED
32.39,True,DRY,CLOSED
31.77,True,MOIST,OPEN
33.65,True,DRY,CLOSED
21.19,True,DRY,CLOSED
38.89,False,MOIST,OPEN
22.52,True,MOIST,OPEN
37.2,False,MOIST,OPEN
33.21,False,DRY,OPEN
31.4,True,MOIST,OPEN
27.46,False,MOIST,CLOSED
28.14,False,DRY,CLOSED
34.13,True,DRY,CLOSED
23.38,False,MOIST,CLOSED
24.13,True,DRY,CLOSED
31.49,False,DRY,OPEN
29.76,False,DRY,CLOSED
21.09,True,MOIST,OPEN
37.42,True,MOIST,OPEN
30.91,True,DRY,CLOSED
25.36,False,DRY,CLOSED
24.76,True,DRY,CLOSED
34.73,False,MOIST,OPEN
33.22,True,DRY,CLOSED
22.36,False,MOIST,CLOSED
23.36,True,MOIST,OPEN
20.93,True,MOIST,OPEN
38.84,True,DRY,CLOSED
30.23,True,DRY,CLOSED
35.61,False,MOIST,OPEN
31.7,True,DRY,CLOSED
27.13,True,MOIST,OPEN
36.92,True,MOIST,OPEN
38.46,False,DRY,OPEN
33.36,True,DRY,CLOSED
23.34,True,MOIST,OPEN
31.44,True,DRY,CLOSED
38.51,True,MOIST,OPEN
31.57,True,DRY,CLOSED
32.62,True,DRY,CLOSED
25.25,True,DRY,CLOSED
27.32,True,MOIST,OPEN
35.04,True,DRY,CLOSED
36.53,True,DRY,CLOSED
20.42,True,DRY,CLOSED
37.41,True,DRY,CLOSED
35.87,True,DRY,CLOSED
38.59,False,MOIST,OPEN
30.48,True,DRY,CLOSED
26.7,True,MOIST,OPEN
29.43,False,DRY,CLOSED
39.06,True,DRY,CLOSED
33.03,False,DRY,OPEN
25.29,False,MOIST,CLOSED
27.18,True,MOIST,OPEN
25.18,False,DRY,CLOSED
35.92,False,MOIST,OPEN
32.32,False,MOIST,OPEN
23.06,False,DRY,CLOSED
20.26,True,DRY,CLOSED
20.67,False,MOIST,CLOSED
30.29,True,DRY,CLOSED
30.51,True,DRY,CLOSED
21.76,True,DRY,CLOSED
29.91,True,MOIST,OPEN
28.22,False,DRY,CLOSED
28.02,False,DRY,CLOSED
31.61,False,DRY,OPEN
31.55,True,DRY,CLOSED
25.21,True,DRY,CLOSED
27.54,True,DRY,CLOSED
39.26,False,MOIST,OPEN
38.9,True,MOIST,OPEN
34.05,True,DRY,CLOSED
31.35,False,DRY,OPEN
33.42,False,DRY,OPEN
31.81,False,MOIST,OPEN
32.99,False,MOIST,OPEN
39.8,True,DRY,CLOSED
39.38,False,DRY,OPEN
22.49,True,DRY,CLOSED
29.52,True,MOIST,OPEN
25.1,True,DRY,CLOSED
36.26,True,DRY,CLOSED
25.78,False,MOIST,CLOSED
25.65,True,MOIST,OPEN
23.3,False,DRY,CLOSED
20.07,False,DRY,CLOSED
33.34,True,MOIST,OPEN
34.16,False,DRY,OPEN
27.67,True,DRY,CLOSED
31.31,False,DRY,OPEN
32.05,False,MOIST,OPEN
23.2,True,MOIST,OPEN
25.89,True,MOIST,OPEN
21.42,True,DRY,CLOSED
38.12,False,DRY,OPEN
37.87,True,MOIST,OPEN
27.49,False,DRY,CLOSED
22.9,True,DRY,CLOSED
25.84,False,MOIST,CLOSED
20.45,True,MOIST,OPEN
30.88,False,DRY,OPEN
28.51,False,MOIST,CLOSED
33.04,False,MOIST,OPEN
39.12,True,DRY,CLOSED
38.46,True,DRY,CLOSED
39.1,True,DRY,CLOSED
31.2,True,MOIST,OPEN
30.9,False,MOIST,OPEN
35.09,False,DRY,OPEN
22.88,True,MOIST,OPEN
36.83,True,MOIST,OPEN
27.87,False,DRY,CLOSED
38.65,True,MOIST,OPEN
26.35,True,DRY,CLOSED
20.7,False,DRY,CLOSED
30.28,False,MOIST,OPEN
36.83,True,MOIST,OPEN
34.89,False,MOIST,OPEN
38.59,True,MOIST,OPEN
35.33,False,DRY,OPEN
35.51,False,DRY,OPEN
25.85,True,MOIST,OPEN
35.01,False,MOIST,OPEN
32.75,False,DRY,OPEN
27.01,False,MOIST,CLOSED
22.41,True,MOIST,OPEN
22.14,False,DRY,CLOSED
35.69,False,DRY,OPEN
23.5,True,MOIST,OPEN
25.42,False,DRY,CLOSED
23.62,True,DRY,CLOSED
34.88,True,MOIST,OPEN
29.66,False,DRY,CLOSED
37.33,True,DRY,CLOSED
30.61,False,DRY,OPEN
33.69,True,DRY,CLOSED
31.15,True,MOIST,OPEN
21.58,False,MOIST,CLOSED
23.67,True,MOIST,OPEN
35.38,False,DRY,OPEN
26.96,False,MOIST,CLOSED
36.47,True,DRY,CLOSED
20.95,False,DRY,CLOSED
38.15,True,DRY,CLOSED
25.69,False,MOIST,CLOSED
33.7,True,MOIST,OPEN
34.46,False,DRY,OPEN
36.1,False,MOIST,OPEN
22.13,True,MOIST,OPEN
26.17,True,DRY,CLOSED
24.11,True,DRY,CLOSED
36.72,False,DRY,OPEN
32.38,True,MOIST,OPEN
25.59,True,DRY,CLOSED
31.33,True,DRY,CLOSED
21.56,False,DRY,CLOSED
33.53,False,MOIST,OPEN
26.86,False,MOIST,CLOSED
39.36,True,DRY,CLOSED
27.27,True,MOIST,OPEN
22.73,True,MOIST,OPEN
20.36,False,MOIST,CLOSED
31.02,False,MOIST,OPEN
31.22,False,DRY,OPEN
28.92,False,DRY,CLOSED
31.89,True,MOIST,OPEN
23.58,False,MOIST,CLOSED
36.65,False,DRY,OPEN
21.91,False,DRY,CLOSED
35.97,True,MOIST,OPEN
35.59,True,DRY,CLOSED
37.4,True,DRY,CLOSED
33.07,True,MOIST,OPEN
24.95,True,DRY,CLOSED
39.23,False,MOIST,OPEN
20.35,False,DRY,CLOSED
23.51,True,MOIST,OPEN
26.76,True,DRY,CLOSED
31.3,True,DRY,CLOSED
21.49,False,DRY,CLOSED
27.74,False,MOIST,CLOSED
36.46,True,MOIST,OPEN
28.27,False,MOIST,CLOSED
27.57,True,MOIST,OPEN
21.6,True,DRY,CLOSED
31.69,False,DRY,OPEN
39.7,False,MOIST,OPEN
22.83,True,DRY,CLOSED
22.04,True,MOIST,OPEN
22.77,True,DRY,CLOSED
32.54,False,DRY,OPEN
32.21,False,DRY,OPEN
37.69,False,DRY,OPEN
27.67,False,MOIST,CLOSED
27.19,False,MOIST,CLOSED
25.6,False,MOIST,CLOSED
34.03,True,MOIST,OPEN
35.12,False,DRY,OPEN
25.95,False,MOIST,CLOSED
27.61,True,MOIST,OPEN
33.78,False,DRY,OPEN
33.76,False,DRY,OPEN
30.44,True,MOIST,OPEN
21.86,True,DRY,CLOSED
35.05,False,MOIST,OPEN
21.41,True,MOIST,OPEN
36.4,True,DRY,CLOSED
29.71,True,MOIST,OPEN
36.05,False,DRY,OPEN
25.24,False,DRY,CLOSED
22.46,False,DRY,CLOSED
37.84,True,DRY,CLOSED
35.42,False,DRY,OPEN
29.36,True,DRY,CLOSED
34.23,True,MOIST,OPEN
28.73,False,DRY,CLOSED
20.63,True,MOIST,OPEN
37.36,True,DRY,CLOSED
38.79,True,MOIST,OPEN
23.83,False,DRY,CLOSED
34.28,False,DRY,OPEN
39.81,True,DRY,CLOSED
38.47,False,DRY,OPEN
34.39,False,MOIST,OPEN
28.7,False,DRY,CLOSED
38.93,True,MOIST,OPEN
29.33,False,DRY,CLOSED
31.43,True,MOIST,OPEN
36.99,True,DRY,CLOSED
32.61,True,DRY,CLOSED
27.08,False,DRY,CLOSED
28.04,False,DRY,CLOSED
35.88,True,MOIST,OPEN
32.29,False,DRY,OPEN
20.67,False,MOIST,CLOSED
23.58,True,DRY,CLOSED
26.58,True,DRY,CLOSED
35.81,False,DRY,OPEN
35.85,True,DRY,CLOSED
29.7,True,DRY,CLOSED
31.75,True,MOIST,OPEN
27.02,False,MOIST,CLOSED
36.31,True,DRY,CLOSED
32.79,True,MOIST,OPEN
35.93,True,MOIST,OPEN
26.57,True,DRY,CLOSED
26.65,True,DRY,CLOSED
31.97,True,MOIST,OPEN
25.57,False,MOIST,CLOSED
27.97,True,DRY,CLOSED
35.09,False,DRY,OPEN
27.75,False,DRY,CLOSED
35.79,False,DRY,OPEN
23.9,True,MOIST,OPEN
36.77,True,MOIST,OPEN
35.34,False,MOIST,OPEN
31.05,False,DRY,OPEN
20.06,False,MOIST,CLOSED
29.57,False,MOIST,CLOSED
34.25,False,MOIST,OPEN
22.04,True,MOIST,OPEN
36.68,False,MOIST,OPEN
29.56,False,DRY,CLOSED
26.95,True,MOIST,OPEN
20.37,True,DRY,CLOSED
36.49,True,MOIST,OPEN
31.73,False,MOIST,OPEN
29.79,False,MOIST,CLOSED
35.4,True,MOIST,OPEN
39.57,False,DRY,OPEN
24.39,True,DRY,CLOSED
27.93,True,DRY,CLOSED
34.31,False,MOIST,OPEN
34.86,True,DRY,CLOSED
30.83,True,DRY,CLOSED
35.7,True,MOIST,OPEN
31.53,True,MOIST,OPEN
23.33,False,DRY,CLOSED
36.72,False,MOIST,OPEN
35.13,True,MOIST,OPEN
27.55,False,MOIST,CLOSED
38.57,False,MOIST,OPEN
30.38,True,DRY,CLOSED
33.16,False,DRY,OPEN
28.75,True,MOIST,OPEN
24.78,False,MOIST,CLOSED
24.08,True,DRY,CLOSED
24.63,False,DRY,CLOSED
20.68,True,MOIST,OPEN
22.34,False,DRY,CLOSED
37.58,False,DRY,OPEN
27.95,True,MOIST,OPEN
38.04,False,DRY,OPEN
25.08,True,DRY,CLOSED
35.32,True,DRY,CLOSED
35.25,False,MOIST,OPEN
35.68,False,MOIST,OPEN
26.85,True,DRY,CLOSED
26.57,True,DRY,CLOSED
23.68,True,MOIST,OPEN
36.81,False,DRY,OPEN
21.11,True,DRY,CLOSED
23.99,False,MOIST,CLOSED
20.62,True,MOIST,OPEN
20.12,False,MOIST,CLOSED
31.97,True,DRY,CLOSED
26.73,True,MOIST,OPEN
22.91,True,DRY,CLOSED
32.5,False,MOIST,OPEN
27.49,False,DRY,CLOSED
21.86,False,MOIST,CLOSED
22.27,True,MOIST,OPEN
35.49,True,MOIST,OPEN
23.76,True,DRY,CLOSED
38.9,False,MOIST,OPEN
26.39,True,MOIST,OPEN
24.41,False,DRY,CLOSED
27.28,True,DRY,CLOSED
25.95,False,MOIST,CLOSED
22.8,True,DRY,CLOSED
35.9,True,MOIST,OPEN
38.1,True,MOIST,OPEN
31.33,True,DRY,CLOSED
28.76,True,DRY,CLOSED
38.19,False,DRY,OPEN
33.36,False,MOIST,OPEN
26.56,True,MOIST,OPEN
21.87,False,DRY,CLOSED
24.44,False,MOIST,CLOSED
24.19,True,DRY,CLOSED
30.89,True,MOIST,OPEN
28.52,True,DRY,CLOSED
24.16,False,MOIST,CLOSED
22.28,False,MOIST,CLOSED
27.41,False,DRY,CLOSED
36.92,False,MOIST,OPEN
23.29,True,MOIST,OPEN
34.62,True,MOIST,OPEN
21.66,True,MOIST,OPEN
26.13,True,MOIST,OPEN
34.82,True,DRY,CLOSED
36.23,True,DRY,CLOSED
33.57,False,DRY,OPEN
24.17,True,MOIST,OPEN
36.55,False,DRY,OPEN
20.49,False,DRY,CLOSED
29.79,False,MOIST,CLOSED
20.38,False,DRY,CLOSED
23.12,False,DRY,CLOSED
28.92,False,MOIST,CLOSED
24.81,False,MOIST,CLOSED
32.01,True,MOIST,OPEN
27.12,True,MOIST,OPEN
36.05,True,DRY,CLOSED
26.23,False,MOIST,CLOSED
39.45,False,MOIST,OPEN
38.74,True,DRY,CLOSED
24.12,False,MOIST,CLOSED
37.69,True,MOIST,OPEN
32.14,False,DRY,OPEN
24.89,False,MOIST,CLOSED
22.95,False,DRY,CLOSED
31.03,False,DRY,OPEN
39.88,False,MOIST,OPEN
32.21,False,MOIST,OPEN
21.51,False,DRY,CLOSED
25.59,True,MOIST,OPEN
29.09,False,MOIST,CLOSED
22.81,False,DRY,CLOSED
24.75,True,MOIST,OPEN
36.31,True,DRY,CLOSED
22.26,False,MOIST,CLOSED
33.19,False,MOIST,OPEN
26.36,True,DRY,CLOSED
29.46,False,DRY,CLOSED
34.98,True,MOIST,OPEN
20.23,True,DRY,CLOSED
39.7,False,DRY,OPEN
27.47,False,MOIST,CLOSED
30.21,True,DRY,CLOSED
38.04,False,DRY,OPEN
30.08,True,MOIST,OPEN
26.92,False,DRY,CLOSED
23.92,True,DRY,CLOSED
27.8,False,DRY,CLOSED
22.71,False,MOIST,CLOSED
26.15,True,DRY,CLOSED
36.92,True,DRY,CLOSED
35.12,False,DRY,OPEN
34.88,True,MOIST,OPEN
33.5,False,DRY,OPEN
29.47,True,DRY,CLOSED
27.69,True,MOIST,OPEN
34.43,True,MOIST,OPEN
37.22,False,MOIST,OPEN
24.47,False,DRY,CLOSED
37.66,False,MOIST,OPEN
33.2,False,DRY,OPEN
38.96,True,MOIST,OPEN
39.83,True,DRY,CLOSED
38.51,False,DRY,OPEN
23.94,False,DRY,CLOSED
24.72,False,DRY,CLOSED
34.46,False,DRY,OPEN
20.22,True,DRY,CLOSED
37.06,True,DRY,CLOSED
26.47,False,MOIST,CLOSED
30.96,False,MOIST,OPEN
34.75,False,MOIST,OPEN
23.02,False,MOIST,CLOSED
29.76,False,DRY,CLOSED
30.1,False,DRY,OPEN
36.66,True,DRY,CLOSED
23.52,True,MOIST,OPEN
28.35,False,DRY,CLOSED
27.23,True,MOIST,OPEN
34.19,False,MOIST,OPEN
26.94,False,MOIST,CLOSED
20.63,False,MOIST,CLOSED
38.7,False,DRY,OPEN
27.26,True,DRY,CLOSED
37.52,True,MOIST,OPEN
20.64,True,DRY,CLOSED
38.16,False,MOIST,OPEN
32.84,False,MOIST,OPEN
39.06,True,MOIST,OPEN
38.06,True,MOIST,OPEN
21.63,False,DRY,CLOSED
20.8,True,DRY,CLOSED
25.1,True,MOIST,OPEN
23.88,False,DRY,CLOSED
30.47,True,DRY,CLOSED
39.56,False,MOIST,OPEN
34.13,False,DRY,OPEN
33.75,True,MOIST,OPEN
31.92,False,MOIST,OPEN
28.72,False,DRY,CLOSED
27.87,False,MOIST,CLOSED
31.77,False,MOIST,OPEN
36.58,False,DRY,OPEN
28.14,False,DRY,CLOSED
22.31,True,DRY,CLOSED
25.91,False,MOIST,CLOSED
22.3,False,DRY,CLOSED
29.02,True,DRY,CLOSED
35.67,True,DRY,CLOSED
39.84,True,MOIST,OPEN
39.78,True,DRY,CLOSED
29.25,True,MOIST,OPEN
21.93,True,MOIST,OPEN
23.07,True,DRY,CLOSED
38.9,True,DRY,CLOSED
34.63,False,MOIST,OPEN
38.1,True,MOIST,OPEN
34.19,False,MOIST,OPEN
33.57,True,DRY,CLOSED
36.76,False,MOIST,OPEN
37.63,True,DRY,CLOSED
25.8,True,MOIST,OPEN
20.3,False,DRY,CLOSED
37.41,True,DRY,CLOSED
33.92,True,DRY,CLOSED
31.84,True,DRY,CLOSED
35.93,True,DRY,CLOSED
39.25,False,MOIST,OPEN
32.56,True,DRY,CLOSED
31.76,True,MOIST,OPEN
22.4,False,MOIST,CLOSED
34.16,True,DRY,CLOSED
35.94,True,DRY,CLOSED
32.82,False,DRY,OPEN
32.62,False,DRY,OPEN
20.02,False,MOIST,CLOSED
21.54,True,MOIST,OPEN
26.32,True,MOIST,OPEN
23.27,True,DRY,CLOSED
27.44,False,MOIST,CLOSED
23.33,True,DRY,CLOSED
29.3,False,DRY,CLOSED
30.45,False,DRY,OPEN
26.85,False,MOIST,CLOSED
37.91,False,MOIST,OPEN
27.53,False,DRY,CLOSED
36.92,False,DRY,OPEN
34.64,False,MOIST,OPEN
27.19,True,DRY,CLOSED
33.11,True,DRY,CLOSED
30.98,False,MOIST,OPEN
33.06,False,MOIST,OPEN
26.15,False,MOIST,CLOSED
32.86,True,DRY,CLOSED
22.1,False,MOIST,CLOSED
23.13,True,DRY,CLOSED
37.34,False,DRY,OPEN
25.23,False,DRY,CLOSED
25.01,True,DRY,CLOSED
24.75,False,DRY,CLOSED
21.26,False,MOIST,CLOSED
24.6,False,MOIST,CLOSED
32.64,True,DRY,CLOSED
25.52,False,DRY,CLOSED
36.9,True,DRY,CLOSED
21.74,True,MOIST,OPEN
29.24,True,MOIST,OPEN
29.19,False,DRY,CLOSED
26.72,True,MOIST,OPEN
22.17,True,DRY,CLOSED
20.58,False,MOIST,CLOSED
25.47,True,DRY,CLOSED
34.41,True,MOIST,OPEN
22.03,True,DRY,CLOSED
20.47,True,MOIST,OPEN
33.76,False,DRY,OPEN
36.13,False,DRY,OPEN
31.23,True,DRY,CLOSED
30.75,True,DRY,CLOSED
39.73,False,DRY,OPEN
32.64,False,MOIST,OPEN
21.41,False,DRY,CLOSED
25.62,False,DRY,CLOSED
24.46,False,DRY,CLOSED
22.41,True,MOIST,OPEN
24.25,True,MOIST,OPEN
35.25,False,DRY,OPEN
23.99,True,DRY,CLOSED
31.81,True,DRY,CLOSED
31.15,True,MOIST,OPEN
21.12,True,DRY,CLOSED
35.64,False,DRY,OPEN
35.83,False,MOIST,OPEN
33.17,False,DRY,OPEN
33.77,True,MOIST,OPEN
31.29,True,DRY,CLOSED
35.5,False,DRY,OPEN
35.25,False,MOIST,OPEN
39.13,False,DRY,OPEN
37.66,False,MOIST,OPEN
38.65,True,MOIST,OPEN
32.38,False,DRY,OPEN
20.95,False,DRY,CLOSED
30.63,True,DRY,CLOSED
28.67,True,DRY,CLOSED
23.33,True,MOIST,OPEN
30.97,False,DRY,OPEN
38.09,False,MOIST,OPEN
26.96,False,DRY,CLOSED
38.43,True,DRY,CLOSED
20.99,True,DRY,CLOSED
21.52,True,MOIST,OPEN
22.86,False,DRY,CLOSED
21.1,False,DRY,CLOSED
25.58,False,DRY,CLOSED
32.09,False,DRY,OPEN
37.77,False,MOIST,OPEN
31.63,False,DRY,OPEN
30.58,True,MOIST,OPEN
23.39,False,DRY,CLOSED
29.2,False,DRY,CLOSED
34.93,False,DRY,OPEN
34.23,False,MOIST,OPEN
29.86,True,DRY,CLOSED
30.79,False,MOIST,OPEN
31.67,False,MOIST,OPEN
24.32,False,DRY,CLOSED
30.71,True,MOIST,OPEN
25.18,False,DRY,CLOSED
34.98,False,MOIST,OPEN
36.78,True,DRY,CLOSED
23.29,False,MOIST,CLOSED
35.41,False,MOIST,OPEN
27.45,True,MOIST,OPEN
27.53,True,DRY,CLOSED
25.72,False,DRY,CLOSED
21.03,False,MOIST,CLOSED
21.43,False,MOIST,CLOSED
33.9,True,DRY,CLOSED
38.27,False,DRY,OPEN
21.82,False,DRY,CLOSED
21.06,False,DRY,CLOSED
27.99,True,MOIST,OPEN
25.37,False,DRY,CLOSED
27.53,True,MOIST,OPEN
35.68,True,DRY,CLOSED
37.94,False,MOIST,OPEN
21.12,False,DRY,CLOSED
20.04,True,MOIST,OPEN
22.53,True,MOIST,OPEN
35.94,False,MOIST,OPEN
25.24,False,MOIST,CLOSED
35.46,False,DRY,OPEN
25.44,False,MOIST,CLOSED
33.22,True,MOIST,OPEN
20.42,True,DRY,CLOSED
20.13,True,MOIST,OPEN
34.66,True,DRY,CLOSED
27.04,True,DRY,CLOSED
22.75,True,DRY,CLOSED
22.94,False,DRY,CLOSED
36.89,True,DRY,CLOSED
30.56,True,DRY,CLOSED
31.57,True,DRY,CLOSED
20.56,False,DRY,CLOSED
38.42,True,MOIST,OPEN
39.36,True,MOIST,OPEN
20.15,True,DRY,CLOSED
24.47,False,DRY,CLOSED
21.87,False,DRY,CLOSED
39.53,True,MOIST,OPEN
29.34,False,DRY,CLOSED
31.06,True,MOIST,OPEN
24.23,False,MOIST,CLOSED
23.23,False,MOIST,CLOSED
36.26,False,DRY,OPEN
28.31,False,MOIST,CLOSED
39.63,True,MOIST,OPEN
28.55,False,MOIST,CLOSED
28.48,False,DRY,CLOSED
36.1,False,MOIST,OPEN
35.15,False,MOIST,OPEN
22.48,True,MOIST,OPEN
33.89,False,MOIST,OPEN
39.36,False,DRY,OPEN
29.93,True,MOIST,OPEN
36.71,True,MOIST,OPEN
31.76,True,DRY,CLOSED
21.34,True,MOIST,OPEN
39.36,True,DRY,CLOSED
37.98,True,DRY,CLOSED
38.05,False,DRY,OPEN
21.59,True,MOIST,OPEN
27.12,True,DRY,CLOSED
26.96,True,MOIST,OPEN
21.32,True,MOIST,OPEN
27.33,True,MOIST,OPEN
21.51,False,MOIST,CLOSED
36.76,False,DRY,OPEN
32.5,False,MOIST,OPEN
20.34,True,MOIST,OPEN
20.43,True,DRY,CLOSED
34.1,False,MOIST,OPEN
23.51,True,MOIST,OPEN
39.36,True,DRY,CLOSED
38.21,False,MOIST,OPEN
28.32,False,DRY,CLOSED
21.18,False,MOIST,CLOSED
20.14,True,DRY,CLOSED
36.29,False,MOIST,OPEN
38.35,True,DRY,CLOSED
39.87,False,DRY,OPEN
28.63,True,DRY,CLOSED
26.03,True,MOIST,OPEN
35.88,False,MOIST,OPEN
35.62,False,MOIST,OPEN
33.78,False,MOIST,OPEN
35.59,False,MOIST,OPEN
26.57,False,MOIST,CLOSED
30.38,True,MOIST,OPEN
37.15,True,MOIST,OPEN
31.39,False,DRY,OPEN
38.07,True,MOIST,OPEN
22.17,True,DRY,CLOSED
27.07,True,DRY,CLOSED
22.3,False,DRY,CLOSED
25.35,False,DRY,CLOSED
21.75,True,DRY,CLOSED
30.49,True,DRY,CLOSED
29.63,True,MOIST,OPEN
39.01,True,DRY,CLOSED
25.77,True,DRY,CLOSED
36.01,False,DRY,OPEN
28.5,False,DRY,CLOSED
36.27,True,MOIST,OPEN
34.75,False,MOIST,OPEN
31.55,False,DRY,OPEN
39.66,True,MOIST,OPEN
31.27,True,DRY,CLOSED
23.71,False,MOIST,CLOSED
37.89,True,DRY,CLOSED
24.35,False,MOIST,CLOSED
37.44,True,MOIST,OPEN
36.72,False,MOIST,OPEN
27.7,False,DRY,CLOSED
28.92,False,MOIST,CLOSED
36.18,False,DRY,OPEN
33.14,True,MOIST,OPEN
36.92,True,DRY,CLOSED
32.49,False,DRY,OPEN
33.12,True,MOIST,OPEN
25.07,False,DRY,CLOSED
39.03,True,DRY,CLOSED
24.8,True,DRY,CLOSED
21.43,True,MOIST,OPEN
29.2,False,MOIST,CLOSED
35.83,True,MOIST,OPEN
29.29,False,DRY,CLOSED
27.61,False,DRY,CLOSED
35.07,True,MOIST,OPEN
38.97,True,MOIST,OPEN
31.34,True,MOIST,OPEN
35.71,False,MOIST,OPEN
39.75,False,MOIST,OPEN
39.22,True,DRY,CLOSED
25.56,False,DRY,CLOSED
34.62,False,MOIST,OPEN
20.95,True,MOIST,OPEN
30.37,False,MOIST,OPEN
25.71,True,MOIST,OPEN
35.12,False,DRY,OPEN
23.14,False,DRY,CLOSED
28.35,True,DRY,CLOSED
39.58,False,DRY,OPEN
38.87,True,DRY,CLOSED
34.35,False,MOIST,OPEN
25.58,True,DRY,CLOSED
28.89,False,MOIST,CLOSED
30.26,False,DRY,OPEN
32.33,True,DRY,CLOSED
35.86,True,MOIST,OPEN
36.44,False,DRY,OPEN
28.93,False,DRY,CLOSED
25.98,False,MOIST,CLOSED
21.19,False,DRY,CLOSED
38.09,False,DRY,OPEN
28.68,True,DRY,CLOSED
32.61,True,MOIST,OPEN
39.27,False,DRY,OPEN
33.13,True,MOIST,OPEN
21.55,True,MOIST,OPEN
24.85,False,DRY,CLOSED
28.67,False,MOIST,CLOSED
26.06,False,MOIST,CLOSED
23.63,True,DRY,CLOSED
35.74,True,DRY,CLOSED
31.74,False,MOIST,OPEN
27.18,False,DRY,CLOSED
23.72,False,DRY,CLOSED
20.86,True,MOIST,OPEN
30.16,False,MOIST,OPEN
23.02,True,MOIST,OPEN
23.69,False,DRY,CLOSED
22.32,False,MOIST,CLOSED
22.61,False,MOIST,CLOSED
33.88,False,MOIST,OPEN
29.39,True,MOIST,OPEN
27.47,False,DRY,CLOSED
38.37,True,DRY,CLOSED
29.65,False,MOIST,CLOSED
21.04,False,DRY,CLOSED
24.61,True,MOIST,OPEN
32.13,True,DRY,CLOSED
38.37,True,MOIST,OPEN
28.0,True,MOIST,OPEN
24.6,False,DRY,CLOSED
21.75,True,DRY,CLOSED
31.76,False,DRY,OPEN
22.77,True,MOIST,OPEN
31.33,False,DRY,OPEN
34.18,True,MOIST,OPEN
23.29,True,DRY,CLOSED
26.24,True,MOIST,OPEN
20.61,False,MOIST,CLOSED
20.96,False,DRY,CLOSED
25.14,True,DRY,CLOSED
32.98,False,MOIST,OPEN
38.0,False,DRY,OPEN
33.8,True,MOIST,OPEN
31.14,True,MOIST,OPEN
38.74,True,DRY,CLOSED
39.88,True,DRY,CLOSED
21.72,False,MOIST,CLOSED
27.26,True,DRY,CLOSED
21.64,False,MOIST,CLOSED
20.32,True,MOIST,OPEN
27.21,True,MOIST,OPEN
39.64,True,MOIST,OPEN
39.15,True,MOIST,OPEN
38.35,True,DRY,CLOSED
36.21,True,DRY,CLOSED
22.06,False,DRY,CLOSED
34.55,False,MOIST,OPEN
30.58,False,DRY,OPEN
28.36,True,MOIST,OPEN
25.41,False,DRY,CLOSED
31.09,False,MOIST,OPEN
32.44,False,MOIST,OPEN
36.79,False,MOIST,OPEN
34.93,True,MOIST,OPEN
32.19,False,DRY,OPEN
33.51,True,DRY,CLOSED
20.83,False,MOIST,CLOSED
38.73,True,DRY,CLOSED
28.54,True,DRY,CLOSED
29.91,False,MOIST,CLOSED
31.56,True,DRY,CLOSED
30.46,True,MOIST,OPEN
25.85,False,MOIST,CLOSED
26.09,True,DRY,CLOSED
20.52,False,DRY,CLOSED
35.57,True,DRY,CLOSED
37.55,False,DRY,OPEN
32.25,False,MOIST,OPEN
24.43,True,MOIST,OPEN
24.22,False,MOIST,CLOSED
24.95,False,MOIST,CLOSED
20.44,False,MOIST,CLOSED
31.69,True,MOIST,OPEN
33.72,True,MOIST,OPEN
39.87,False,MOIST,OPEN
28.47,True,MOIST,OPEN
34.92,True,DRY,CLOSED
35.79,True,DRY,CLOSED
36.09,False,DRY,OPEN
35.21,False,DRY,OPEN
35.49,True,DRY,CLOSED
27.32,False,DRY,CLOSED
32.09,True,DRY,CLOSED
21.3,False,DRY,CLOSED
37.65,True,MOIST,OPEN
32.69,False,DRY,OPEN
37.9,True,MOIST,OPEN
35.98,False,MOIST,OPEN
34.9,False,DRY,OPEN
34.05,False,DRY,OPEN
25.84,True,DRY,CLOSED
25.13,True,DRY,CLOSED
21.74,True,DRY,CLOSED
33.08,False,MOIST,OPEN
23.62,True,DRY,CLOSED
35.79,True,MOIST,OPEN
26.41,True,DRY,CLOSED
37.03,False,MOIST,OPEN
32.11,True,DRY,CLOSED
28.03,True,MOIST,OPEN
25.87,False,MOIST,CLOSED
22.19,True,MOIST,OPEN
33.43,True,MOIST,OPEN
33.51,False,DRY,OPEN
23.79,True,DRY,CLOSED
26.25,True,DRY,CLOSED
38.44,True,MOIST,OPEN
26.42,True,DRY,CLOSED
25.81,False,DRY,CLOSED
36.54,True,DRY,CLOSED
21.39,True,DRY,CLOSED
23.47,False,DRY,CLOSED
37.08,False,DRY,OPEN
29.07,True,DRY,CLOSED
29.91,False,MOIST,CLOSED
28.62,False,MOIST,CLOSED
25.45,True,DRY,CLOSED
23.84,False,DRY,CLOSED
23.88,True,MOIST,OPEN
36.38,False,DRY,OPEN
27.63,True,DRY,CLOSED
23.55,False,DRY,CLOSED
27.43,False,DRY,CLOSED
22.89,True,MOIST,OPEN
34.68,True,MOIST,OPEN
22.59,True,DRY,CLOSED
32.91,True,DRY,CLOSED
33.0,False,DRY,OPEN
32.94,True,DRY,CLOSED
29.38,False,MOIST,CLOSED
22.35,False,DRY,CLOSED
34.16,False,MOIST,OPEN
33.94,True,MOIST,OPEN
27.16,False,DRY,CLOSED
22.11,True,DRY,CLOSED
38.1,False,MOIST,OPEN
20.47,True,DRY,CLOSED
37.38,True,DRY,CLOSED
20.39,False,MOIST,CLOSED
25.42,True,MOIST,OPEN
30.47,False,MOIST,OPEN
20.13,False,MOIST,CLOSED
39.45,False,DRY,OPEN
34.83,False,DRY,OPEN
38.38,True,DRY,CLOSED
26.17,False,DRY,CLOSED
38.34,True,DRY,CLOSED
29.22,True,DRY,CLOSED
39.07,False,MOIST,OPEN
28.2,False,DRY,CLOSED
34.76,True,DRY,CLOSED
34.36,True,DRY,CLOSED
24.93,True,MOIST,OPEN
26.02,False,MOIST,CLOSED
36.29,False,DRY,OPEN
24.6,False,DRY,CLOSED
21.34,True,DRY,CLOSED
27.18,False,DRY,CLOSED
21.66,True,MOIST,OPEN
28.07,False,MOIST,CLOSED
34.59,False,MOIST,OPEN
38.96,True,MOIST,OPEN
30.85,False,DRY,OPEN
27.72,False,MOIST,CLOSED
31.87,True,MOIST,OPEN
26.48,True,MOIST,OPEN
25.44,True,DRY,CLOSED
23.34,False,MOIST,CLOSED
24.55,False,DRY,CLOSED
22.51,True,DRY,CLOSED
27.72,True,MOIST,OPEN
26.73,True,MOIST,OPEN
25.35,True,MOIST,OPEN
23.35,True,MOIST,OPEN
31.98,True,MOIST,OPEN
35.55,False,MOIST,OPEN
20.81,True,MOIST,OPEN
32.58,False,MOIST,OPEN
35.39,False,MOIST,OPEN
31.75,True,DRY,CLOSED
31.2,False,DRY,OPEN
29.32,False,MOIST,CLOSED
38.32,True,DRY,CLOSED
36.37,True,MOIST,OPEN
28.98,True,DRY,CLOSED
27.13,True,DRY,CLOSED
38.89,False,MOIST,OPEN
27.93,True,MOIST,OPEN
24.35,False,MOIST,CLOSED
39.73,False,DRY,OPEN
27.11,True,MOIST,OPEN
27.2,False,MOIST,CLOSED
20.81,False,DRY,CLOSED
37.67,False,DRY,OPEN
39.73,True,MOIST,OPEN
28.01,False,DRY,CLOSED
30.54,True,DRY,CLOSED
24.78,False,DRY,CLOSED
24.18,True,MOIST,OPEN
22.06,False,DRY,CLOSED
20.21,False,DRY,CLOSED
39.61,False,DRY,OPEN
20.89,False,DRY,CLOSED
24.42,False,MOIST,CLOSED
38.92,False,MOIST,OPEN
28.35,False,MOIST,CLOSED
30.83,False,MOIST,OPEN
34.54,True,MOIST,OPEN
39.59,False,MOIST,OPEN
32.44,False,DRY,OPEN
32.13,False,MOIST,OPEN
38.01,False,MOIST,OPEN
39.31,False,DRY,OPEN
22.95,False,MOIST,CLOSED
22.94,False,DRY,CLOSED
33.75,False,DRY,OPEN
38.52,False,DRY,OPEN
30.08,True,MOIST,OPEN
37.76,False,DRY,OPEN
29.23,True,MOIST,OPEN
38.29,False,DRY,OPEN
23.03,True,DRY,CLOSED
36.27,True,DRY,CLOSED
33.01,False,MOIST,OPEN
39.43,True,DRY,CLOSED
27.43,False,DRY,CLOSED
21.2,True,MOIST,OPEN
34.53,True,DRY,CLOSED
26.53,False,MOIST,CLOSED
32.87,True,MOIST,OPEN
32.47,False,MOIST,OPEN
35.05,True,DRY,CLOSED
26.98,False,DRY,CLOSED
33.8,False,DRY,OPEN
28.05,False,DRY,CLOSED
33.51,False,MOIST,OPEN
35.27,True,MOIST,OPEN
34.22,False,DRY,OPEN
25.09,False,DRY,CLOSED
27.98,True,MOIST,OPEN
23.79,False,DRY,CLOSED
22.48,True,DRY,CLOSED
34.87,False,MOIST,OPEN
35.51,True,DRY,CLOSED
21.38,True,MOIST,OPEN
35.76,False,DRY,OPEN
36.26,False,DRY,OPEN
28.19,True,DRY,CLOSED
34.9,False,MOIST,OPEN
39.71,False,MOIST,OPEN
22.85,False,DRY,CLOSED
33.26,False,DRY,OPEN
33.84,False,DRY,OPEN
21.27,False,DRY,CLOSED
23.28,False,MOIST,CLOSED
31.93,False,MOIST,OPEN
24.09,True,MOIST,OPEN
33.92,False,MOIST,OPEN
27.1,False,MOIST,CLOSED
36.98,False,DRY,OPEN
35.12,True,MOIST,OPEN
34.46,True,MOIST,OPEN
33.81,False,DRY,OPEN
31.53,True,MOIST,OPEN
20.41,True,DRY,CLOSED
29.95,False,MOIST,CLOSED
24.25,True,MOIST,OPEN
39.95,False,MOIST,OPEN
23.29,True,DRY,CLOSED
25.69,False,MOIST,CLOSED
23.84,False,DRY,CLOSED
33.1,True,DRY,CLOSED
37.83,False,MOIST,OPEN
37.8,False,DRY,OPEN
36.02,True,MOIST,OPEN
25.04,True,DRY,CLOSED
35.82,True,MOIST,OPEN
37.62,True,DRY,CLOSED
29.67,True,MOIST,OPEN
34.97,False,MOIST,OPEN
28.42,False,DRY,CLOSED
25.54,False,DRY,CLOSED
37.92,True,DRY,CLOSED
26.47,True,DRY,CLOSED
22.81,False,MOIST,CLOSED
26.87,True,MOIST,OPEN
35.18,False,MOIST,OPEN
37.66,True,DRY,CLOSED
32.28,True,MOIST,OPEN
27.49,True,MOIST,OPEN
21.71,False,DRY,CLOSED
30.81,True,DRY,CLOSED
30.34,True,MOIST,OPEN
28.76,True,DRY,CLOSED
32.14,False,MOIST,OPEN
33.73,False,MOIST,OPEN
38.21,False,MOIST,OPEN
30.52,True,MOIST,OPEN
23.39,True,MOIST,OPEN
36.57,True,MOIST,OPEN
25.42,True,DRY,CLOSED
35.92,False,MOIST,OPEN
29.39,False,DRY,CLOSED
31.53,False,DRY,OPEN
26.98,True,DRY,CLOSED
24.6,True,MOIST,OPEN
37.86,True,MOIST,OPEN
28.56,False,MOIST,CLOSED
24.41,False,MOIST,CLOSED
29.27,True,DRY,CLOSED
23.02,True,DRY,CLOSED
24.83,False,MOIST,CLOSED
28.83,False,DRY,CLOSED
20.95,True,DRY,CLOSED
22.46,False,MOIST,CLOSED
31.79,True,DRY,CLOSED
22.39,False,DRY,CLOSED
23.42,False,MOIST,CLOSED
23.04,True,MOIST,OPEN
29.47,True,DRY,CLOSED
29.84,True,MOIST,OPEN
30.19,False,DRY,OPEN
36.76,True,DRY,CLOSED
21.38,True,MOIST,OPEN
35.93,False,DRY,OPEN
34.19,False,DRY,OPEN
20.42,False,DRY,CLOSED
27.43,False,DRY,CLOSED
25.73,False,MOIST,CLOSED
24.86,True,MOIST,OPEN
30.59,False,MOIST,OPEN
29.03,True,MOIST,OPEN
30.88,False,MOIST,OPEN
27.24,True,DRY,CLOSED
34.63,True,MOIST,OPEN
21.37,False,MOIST,CLOSED
33.86,True,MOIST,OPEN
27.59,True,MOIST,OPEN
38.27,False,DRY,OPEN
30.78,True,MOIST,OPEN
31.59,False,DRY,OPEN
21.9,True,MOIST,OPEN
39.34,True,MOIST,OPEN
30.38,True,DRY,CLOSED
30.79,True,DRY,CLOSED
28.59,True,DRY,CLOSED
22.73,False,DRY,CLOSED
35.54,False,DRY,OPEN
33.87,True,MOIST,OPEN
24.97,False,MOIST,CLOSED
27.67,False,MOIST,CLOSED
25.22,True,DRY,CLOSED
37.42,True,DRY,CLOSED
35.03,False,MOIST,OPEN
38.71,True,MOIST,OPEN
22.81,False,MOIST,CLOSED
23.6,True,MOIST,OPEN
22.6,False,DRY,CLOSED
22.27,True,MOIST,OPEN
38.0,True,MOIST,OPEN
31.36,False,MOIST,OPEN
24.16,True,MOIST,OPEN
32.86,True,DRY,CLOSED
24.03,False,MOIST,CLOSED
30.82,True,MOIST,OPEN
32.79,True,DRY,CLOSED
26.57,True,MOIST,OPEN
21.41,True,DRY,CLOSED
37.87,True,DRY,CLOSED
38.04,False,DRY,OPEN
37.32,False,DRY,OPEN
24.17,False,MOIST,CLOSED
32.55,True,DRY,CLOSED
37.54,True,MOIST,OPEN
29.78,False,DRY,CLOSED
32.73,True,MOIST,OPEN
24.42,False,DRY,CLOSED
20.83,True,DRY,CLOSED
29.01,False,MOIST,CLOSED
32.35,False,DRY,OPEN
21.35,True,MOIST,OPEN
38.68,False,MOIST,OPEN
29.63,True,DRY,CLOSED
28.58,False,DRY,CLOSED
35.49,False,DRY,OPEN
30.25,True,DRY,CLOSED
32.98,True,MOIST,OPEN
39.63,True,DRY,CLOSED
32.4,False,MOIST,OPEN
27.3,False,DRY,CLOSED
31.27,True,MOIST,OPEN
21.01,False,DRY,CLOSED
28.25,True,DRY,CLOSED
38.18,False,DRY,OPEN
35.6,False,DRY,OPEN
27.32,True,DRY,CLOSED
26.39,False,MOIST,CLOSED
20.53,True,MOIST,OPEN
21.27,False,DRY,CLOSED
36.24,True,DRY,CLOSED
26.9,True,DRY,CLOSED
23.31,False,MOIST,CLOSED
29.43,True,DRY,CLOSED
38.53,False,DRY,OPEN
22.33,False,DRY,CLOSED
39.64,True,DRY,CLOSED
32.02,False,MOIST,OPEN
33.1,False,DRY,OPEN
28.39,False,DRY,CLOSED
32.03,False,DRY,OPEN
23.95,False,DRY,CLOSED
23.73,True,DRY,CLOSED
21.46,False,MOIST,CLOSED
39.69,True,MOIST,OPEN
24.53,True,DRY,CLOSED
35.47,False,DRY,OPEN
38.39,True,MOIST,OPEN
20.37,True,MOIST,OPEN
39.55,False,MOIST,OPEN
30.47,False,MOIST,OPEN
40.0,True,MOIST,OPEN
20.36,False,MOIST,CLOSED
28.54,False,MOIST,CLOSED
38.92,True,DRY,CLOSED
30.4,False,MOIST,OPEN
37.98,False,DRY,OPEN
33.45,True,DRY,CLOSED
38.05,True,DRY,CLOSED
35.28,True,MOIST,OPEN
27.87,False,MOIST,CLOSED
21.36,True,DRY,CLOSED
22.76,False,MOIST,CLOSED
21.45,False,DRY,CLOSED
39.74,False,MOIST,OPEN
32.75,False,DRY,OPEN
28.06,False,MOIST,CLOSED
34.58,True,DRY,CLOSED
20.7,False,DRY,CLOSED
22.91,False,MOIST,CLOSED
25.35,True,MOIST,OPEN
33.17,False,DRY,OPEN
38.03,True,DRY,CLOSED
30.81,True,DRY,CLOSED
27.24,True,MOIST,OPEN
37.14,False,DRY,OPEN
35.29,True,DRY,CLOSED
31.96,False,MOIST,OPEN
37.19,True,DRY,CLOSED
29.89,True,MOIST,OPEN
30.58,True,MOIST,OPEN
28.15,True,MOIST,OPEN
38.38,False,MOIST,OPEN
26.87,False,MOIST,CLOSED
29.0,True,DRY,CLOSED
36.77,False,MOIST,OPEN
20.66,False,DRY,CLOSED
34.45,True,DRY,CLOSED
32.64,True,MOIST,OPEN
39.25,False,DRY,OPEN
25.91,False,DRY,CLOSED
28.25,True,DRY,CLOSED
30.89,False,DRY,OPEN
28.31,True,MOIST,OPEN
28.09,False,MOIST,CLOSED
35.15,False,MOIST,OPEN
28.06,False,DRY,CLOSED
30.83,True,DRY,CLOSED
38.99,False,MOIST,OPEN
22.17,True,MOIST,OPEN
28.37,False,MOIST,CLOSED
25.59,True,DRY,CLOSED
20.74,True,DRY,CLOSED
21.8,False,DRY,CLOSED
30.83,True,MOIST,OPEN
25.33,False,DRY,CLOSED
31.79,True,MOIST,OPEN
26.27,True,MOIST,OPEN
39.85,True,MOIST,OPEN
35.13,True,DRY,CLOSED
30.76,False,DRY,OPEN
30.27,True,DRY,CLOSED
20.36,True,DRY,CLOSED
27.6,True,DRY,CLOSED
27.42,True,DRY,CLOSED
29.73,True,DRY,CLOSED
27.71,False,MOIST,CLOSED
27.05,False,MOIST,CLOSED
26.98,True,DRY,CLOSED
25.09,True,DRY,CLOSED
28.12,True,MOIST,OPEN
29.75,True,MOIST,OPEN
34.9,True,MOIST,OPEN
20.15,False,DRY,CLOSED
20.18,True,DRY,CLOSED
35.67,False,DRY,OPEN
22.97,True,DRY,CLOSED
38.25,False,MOIST,OPEN
31.76,True,DRY,CLOSED
25.53,True,DRY,CLOSED
34.25,False,DRY,OPEN
22.36,True,MOIST,OPEN
24.87,False,MOIST,CLOSED
25.19,False,MOIST,CLOSED
33.7,False,DRY,OPEN
36.1,True,DRY,CLOSED
22.52,True,MOIST,OPEN
37.28,True,DRY,CLOSED
25.91,False,MOIST,CLOSED
23.28,True,DRY,CLOSED
35.85,False,DRY,OPEN
25.08,False,DRY,CLOSED
20.01,True,MOIST,OPEN
22.31,False,MOIST,CLOSED
21.77,False,DRY,CLOSED
28.05,False,MOIST,CLOSED
39.56,True,MOIST,OPEN
30.62,True,MOIST,OPEN
24.24,False,DRY,CLOSED
26.29,True,DRY,CLOSED
21.01,False,DRY,CLOSED
23.66,False,DRY,CLOSED
24.93,False,MOIST,CLOSED
30.04,False,MOIST,OPEN
21.03,True,MOIST,OPEN
30.34,True,MOIST,OPEN
26.6,True,MOIST,OPEN
25.0,True,MOIST,OPEN
26.68,True,DRY,CLOSED
28.53,False,MOIST,CLOSED
27.0,True,DRY,CLOSED
36.32,True,MOIST,OPEN
23.97,False,DRY,CLOSED
27.3,False,DRY,CLOSED
21.07,True,DRY,CLOSED
30.24,False,MOIST,OPEN
28.8,True,MOIST,OPEN
31.52,True,MOIST,OPEN
20.39,False,DRY,CLOSED
28.65,False,DRY,CLOSED
23.62,True,MOIST,OPEN
31.63,False,MOIST,OPEN
31.67,True,MOIST,OPEN
30.56,True,MOIST,OPEN
32.02,False,DRY,OPEN
30.92,False,DRY,OPEN
23.81,False,MOIST,CLOSED
25.94,False,MOIST,CLOSED
39.88,False,DRY,OPEN
20.36,True,DRY,CLOSED
28.97,True,DRY,CLOSED
35.44,False,MOIST,OPEN
21.99,True,DRY,CLOSED
20.62,True,DRY,CLOSED
29.55,False,MOIST,CLOSED
31.24,True,MOIST,OPEN
23.92,True,DRY,CLOSED
30.86,True,MOIST,OPEN
23.69,True,MOIST,OPEN
24.97,True,MOIST,OPEN
22.05,False,MOIST,CLOSED
37.47,False,DRY,OPEN
31.59,True,MOIST,OPEN
34.94,True,MOIST,OPEN
23.48,True,DRY,CLOSED
35.37,False,MOIST,OPEN
38.1,False,DRY,OPEN
37.5,False,DRY,OPEN
21.74,True,MOIST,OPEN
32.93,True,MOIST,OPEN
30.12,True,MOIST,OPEN
21.81,True,DRY,CLOSED
38.93,False,MOIST,OPEN
32.57,True,MOIST,OPEN
31.67,False,DRY,OPEN
23.06,True,MOIST,OPEN
21.35,False,DRY,CLOSED
38.17,True,DRY,CLOSED
39.52,True,MOIST,OPEN
25.85,True,MOIST,OPEN
36.99,False,MOIST,OPEN
35.73,False,MOIST,OPEN
35.52,True,DRY,CLOSED
38.82,False,DRY,OPEN
21.96,True,DRY,CLOSED
27.98,False,MOIST,CLOSED
28.26,False,MOIST,CLOSED
28.2,True,MOIST,OPEN
24.59,True,MOIST,OPEN
31.31,True,MOIST,OPEN
24.79,False,DRY,CLOSED
26.58,True,DRY,CLOSED
39.83,False,MOIST,OPEN
22.85,False,DRY,CLOSED
35.62,False,DRY,OPEN
38.8,True,MOIST,OPEN
23.09,False,MOIST,CLOSED
37.96,True,DRY,CLOSED
38.86,False,DRY,OPEN
32.09,True,MOIST,OPEN
36.44,True,MOIST,OPEN
34.24,False,MOIST,OPEN
35.51,False,MOIST,OPEN
23.53,False,MOIST,CLOSED
20.27,False,MOIST,CLOSED
21.93,False,MOIST,CLOSED
22.03,True,MOIST,OPEN
36.01,True,MOIST,OPEN
38.1,False,MOIST,OPEN
35.79,True,DRY,CLOSED
26.45,False,MOIST,CLOSED
34.2,True,MOIST,OPEN
39.07,True,DRY,CLOSED
37.74,False,MOIST,OPEN
39.05,False,DRY,OPEN
39.96,False,MOIST,OPEN
34.2,True,MOIST,OPEN
27.67,True,MOIST,OPEN
20.53,False,MOIST,CLOSED
39.72,False,DRY,OPEN
22.67,True,DRY,CLOSED
24.28,True,MOIST,OPEN
20.34,True,DRY,CLOSED
34.68,True,DRY,CLOSED
29.04,False,MOIST,CLOSED
37.66,False,DRY,OPEN
33.88,True,MOIST,OPEN
27.04,True,MOIST,OPEN
34.85,True,DRY,CLOSED
22.03,False,MOIST,CLOSED
20.55,False,DRY,CLOSED
38.91,False,DRY,OPEN
28.84,True,DRY,CLOSED
32.34,True,DRY,CLOSED
30.9,True,DRY,CLOSED
25.67,False,DRY,CLOSED
30.8,False,MOIST,CLOSED
25.96,True,DRY,CLOSED
20.83,True,MOIST,CLOSED
29.44,False,DRY,CLOSED
27.92,True,DRY,CLOSED
32.24,False,DRY,CLOSED
26.42,True,MOIST,CLOSED
26.7,True,MOIST,CLOSED
39.81,True,DRY,CLOSED
21.48,False,DRY,CLOSED
29.19,True,DRY,CLOSED
28.12,True,MOIST,CLOSED
37.7,False,MOIST,CLOSED
26.73,True,DRY,CLOSED
29.66,False,MOIST,CLOSED
39.86,False,MOIST,CLOSED
35.0,False,DRY,CLOSED
23.02,True,DRY,CLOSED
26.46,False,MOIST,CLOSED
25.41,True,MOIST,CLOSED
37.69,True,DRY,CLOSED
22.52,True,DRY,CLOSED
27.87,False,MOIST,CLOSED
21.77,False,MOIST,CLOSED
25.59,True,MOIST,CLOSED
36.96,False,DRY,CLOSED
30.94,True,DRY,CLOSED
24.88,False,MOIST,CLOSED
29.56,False,DRY,CLOSED
33.38,True,MOIST,CLOSED
34.16,False,MOIST,CLOSED
20.71,True,DRY,CLOSED
25.48,True,MOIST,CLOSED
35.96,False,MOIST,CLOSED
37.07,True,MOIST,CLOSED
36.83,True,MOIST,CLOSED
26.64,False,MOIST,CLOSED
35.26,True,MOIST,CLOSED
26.22,False,MOIST,CLOSED
28.34,True,DRY,CLOSED
32.98,False,MOIST,CLOSED
23.01,False,DRY,CLOSED
29.14,True,DRY,CLOSED
37.46,True,DRY,CLOSED
29.04,True,DRY,CLOSED
21.01,True,DRY,CLOSED
24.55,False,DRY,CLOSED
28.73,False,MOIST,CLOSED
30.89,True,DRY,CLOSED
23.46,True,MOIST,CLOSED
29.2,True,DRY,CLOSED
22.18,True,DRY,CLOSED
21.23,False,MOIST,CLOSED
36.07,True,DRY,CLOSED
24.59,True,DRY,CLOSED
29.11,False,DRY,CLOSED
20.98,False,DRY,CLOSED
36.18,False,MOIST,CLOSED
25.42,True,DRY,CLOSED
30.52,True,MOIST,CLOSED
35.2,False,DRY,CLOSED
36.03,False,DRY,CLOSED
31.01,True,DRY,CLOSED
21.57,True,DRY,CLOSED
24.2,True,MOIST,CLOSED
23.5,True,MOIST,CLOSED
36.8,True,DRY,CLOSED
31.09,True,DRY,CLOSED
30.91,False,MOIST,CLOSED
36.07,True,DRY,CLOSED
36.66,False,MOIST,CLOSED
36.85,True,DRY,CLOSED
25.75,True,MOIST,CLOSED
27.01,False,MOIST,CLOSED
28.75,True,DRY,CLOSED
28.2,True,MOIST,CLOSED
28.81,False,MOIST,CLOSED
26.74,True,DRY,CLOSED
20.67,True,DRY,CLOSED
21.88,True,DRY,CLOSED
36.38,False,MOIST,CLOSED
21.22,False,MOIST,CLOSED
32.9,True,MOIST,CLOSED
23.54,False,MOIST,CLOSED
35.94,True,MOIST,CLOSED
36.3,False,DRY,CLOSED
36.65,False,DRY,CLOSED
24.73,False,MOIST,CLOSED
37.55,True,MOIST,CLOSED
38.18,True,MOIST,CLOSED
31.94,False,MOIST,CLOSED
35.24,True,MOIST,CLOSED
28.03,False,DRY,CLOSED
21.85,False,DRY,CLOSED
28.56,False,DRY,CLOSED
34.43,False,DRY,OPEN
21.05,False,MOIST,CLOSED
24.72,False,DRY,CLOSED
35.51,True,DRY,CLOSED
28.25,True,DRY,CLOSED
22.71,True,MOIST,OPEN
30.0,True,MOIST,OPEN
36.95,True,DRY,CLOSED
29.21,False,MOIST,CLOSED
38.49,False,MOIST,OPEN
35.99,False,MOIST,OPEN
30.55,True,MOIST,OPEN
38.69,True,DRY,CLOSED
32.83,False,DRY,OPEN
33.71,False,MOIST,OPEN
39.89,True,MOIST,OPEN
27.85,True,DRY,CLOSED
23.8,True,MOIST,OPEN
28.59,True,DRY,CLOSED
27.45,True,DRY,CLOSED
30.66,False,MOIST,OPEN
25.96,True,DRY,CLOSED
22.08,True,DRY,CLOSED
26.45,True,MOIST,OPEN
33.19,False,DRY,OPEN
39.99,False,MOIST,OPEN
20.52,False,DRY,OPEN
34.18,False,DRY,OPEN
30.23,False,DRY,OPEN
34.08,True,DRY,OPEN
23.23,False,DRY,OPEN
23.17,True,MOIST,OPEN
23.66,True,MOIST,OPEN
30.61,False,MOIST,OPEN
24.62,True,MOIST,OPEN
26.39,False,MOIST,OPEN
24.32,False,DRY,OPEN
26.09,True,MOIST,OPEN
34.15,False,DRY,OPEN
25.11,True,DRY,OPEN
29.28,False,DRY,OPEN
26.95,False,DRY,OPEN
34.73,True,DRY,OPEN
24.85,False,DRY,OPEN
26.87,False,MOIST,OPEN
26.78,False,DRY,OPEN
33.61,False,DRY,OPEN
26.11,False,DRY,OPEN
24.8,False,DRY,OPEN
27.25,True,MOIST,OPEN
35.72,False,DRY,OPEN
28.16,True,DRY,OPEN
26.54,False,MOIST,OPEN
25.86,False,MOIST,OPEN
24.74,True,DRY,OPEN
21.88,True,DRY,OPEN
24.23,True,MOIST,OPEN
25.01,False,MOIST,OPEN
27.01,False,MOIST,OPEN
22.68,True,MOIST,OPEN
33.79,False,DRY,OPEN
33.33,False,DRY,OPEN
30.24,True,DRY,OPEN
21.17,True,MOIST,OPEN
32.52,False,DRY,OPEN
20.1,True,DRY,OPEN
22.06,False,DRY,OPEN
35.66,False,DRY,OPEN
25.09,False,MOIST,OPEN
21.9,True,MOIST,OPEN
32.47,False,DRY,OPEN
36.13,True,MOIST,OPEN
20.7,False,DRY,OPEN
29.76,False,DRY,OPEN
33.35,True,MOIST,OPEN
39.16,False,DRY,OPEN
31.94,True,DRY,OPEN
37.65,True,MOIST,OPEN
38.78,True,MOIST,OPEN
23.85,True,MOIST,OPEN
24.26,False,DRY,OPEN
39.76,False,DRY,OPEN
29.65,True,DRY,OPEN
22.61,False,DRY,OPEN
22.64,False,MOIST,OPEN
34.66,False,DRY,OPEN
31.31,False,DRY,OPEN
20.24,False,DRY,OPEN
27.74,True,MOIST,OPEN
27.19,False,DRY,OPEN
22.51,False,DRY,OPEN
26.91,True,MOIST,OPEN
34.8,True,MOIST,OPEN
27.03,True,DRY,OPEN
24.9,True,DRY,OPEN
24.87,False,DRY,OPEN
23.54,False,DRY,OPEN
38.56,False,DRY,OPEN
35.16,False,DRY,OPEN
22.55,True,DRY,OPEN
39.94,True,DRY,OPEN
38.7,False,MOIST,OPEN
36.48,True,DRY,OPEN
35.17,True,MOIST,OPEN
30.48,False,MOIST,OPEN
22.44,False,DRY,OPEN
26.92,True,MOIST,OPEN
21.84,False,DRY,OPEN
30.94,True,DRY,OPEN
37.09,True,DRY,OPEN
29.29,False,DRY,OPEN
22.54,False,MOIST,OPEN
37.58,True,DRY,OPEN
25.51,True,DRY,OPEN
26.57,True,MOIST,OPEN
33.67,True,MOIST,OPEN
22.12,False,DRY,OPEN
27.71,False,MOIST,OPEN
34.02,True,DRY,OPEN
21.62,False,MOIST,OPEN
37.16,False,DRY,OPEN
37.67,True,DRY,OPEN
25.32,False,DRY,OPEN
22.96,True,MOIST,OPEN
33.69,True,DRY,OPEN
22.01,True,DRY,OPEN
32.58,False,MOIST,OPEN
26.09,False,DRY,OPEN
38.82,False,MOIST,OPEN
21.25,False,DRY,OPEN
27.17,True,DRY,OPEN
27.42,False,DRY,OPEN
29.58,True,MOIST,OPEN
35.9,False,MOIST,OPEN
31.51,True,DRY,OPEN
37.85,False,DRY,OPEN
31.29,True,DRY,OPEN
31.85,True,DRY,OPEN
35.05,True,DRY,OPEN
38.92,True,MOIST,OPEN
21.81,True,DRY,OPEN
20.03,False,MOIST,OPEN
25.93,False,MOIST,OPEN
20.85,False,DRY,OPEN
26.15,False,MOIST,OPEN
27.94,False,MOIST,OPEN
27.85,True,MOIST,OPEN
30.28,False,MOIST,OPEN
23.53,False,MOIST,OPEN
30.56,True,DRY,OPEN
24.18,True,DRY,OPEN
38.69,False,MOIST,OPEN
22.3,False,DRY,OPEN
39.59,True,DRY,OPEN
39.67,False,MOIST,OPEN
20.17,False,MOIST,OPEN
25.19,True,DRY,OPEN
29.52,False,DRY,OPEN
36.75,False,MOIST,OPEN
23.88,False,DRY,OPEN
31.4,False,DRY,OPEN
21.1,False,MOIST,OPEN
20.3,False,MOIST,OPEN
23.84,False,DRY,OPEN
30.93,False,DRY,OPEN
29.79,False,MOIST,OPEN
26.14,False,MOIST,OPEN
35.26,True,MOIST,OPEN
34.0,True,DRY,OPEN
21.14,True,DRY,OPEN
35.62,True,DRY,OPEN
20.15,False,MOIST,OPEN
27.18,True,DRY,OPEN
34.87,True,MOIST,OPEN
24.8,True,MOIST,OPEN
32.65,False,MOIST,OPEN
20.39,False,DRY,OPEN
31.37,False,DRY,OPEN
35.67,False,MOIST,OPEN
23.53,False,DRY,OPEN
33.93,True,MOIST,OPEN
21.13,False,DRY,OPEN
26.26,False,DRY,OPEN
29.04,False,MOIST,OPEN
27.93,True,MOIST,OPEN
29.89,False,MOIST,OPEN
21.56,False,MOIST,OPEN
30.65,False,MOIST,OPEN
25.7,False,DRY,OPEN
25.54,False,MOIST,OPEN
37.79,True,MOIST,OPEN
24.53,True,MOIST,OPEN
33.52,False,MOIST,OPEN
24.94,True,DRY,OPEN
29.93,True,DRY,OPEN
31.37,False,DRY,OPEN
37.58,False,DRY,OPEN
24.87,True,DRY,OPEN
31.99,False,DRY,OPEN
22.25,False,DRY,OPEN
30.35,False,MOIST,OPEN
33.04,True,MOIST,OPEN
38.32,True,DRY,OPEN
25.48,False,DRY,OPEN
34.23,True,MOIST,OPEN
29.0,False,DRY,OPEN
27.81,True,DRY,OPEN
20.2,False,MOIST,OPEN
36.03,True,DRY,OPEN
25.46,False,MOIST,OPEN
22.48,True,DRY,OPEN
36.56,False,MOIST,OPEN
25.08,True,DRY,OPEN
29.48,True,DRY,OPEN
31.43,True,DRY,OPEN
30.9,False,DRY,OPEN
31.02,True,DRY,OPEN
27.54,True,DRY,OPEN
37.18,True,MOIST,OPEN
35.34,True,DRY,OPEN
23.07,True,MOIST,OPEN
38.75,True,DRY,OPEN
21.54,True,MOIST,OPEN
24.98,False,DRY,OPEN
35.61,True,DRY,OPEN
30.6,True,MOIST,OPEN
25.26,False,DRY,OPEN
29.9,False,DRY,OPEN
35.44,False,MOIST,OPEN
20.72,False,DRY,OPEN
29.33,True,MOIST,OPEN
33.93,False,MOIST,OPEN
24.92,False,DRY,OPEN
38.59,False,DRY,OPEN
30.92,True,DRY,OPEN
35.03,False,DRY,OPEN
25.65,False,DRY,OPEN
22.76,False,DRY,OPEN
36.2,True,DRY,OPEN
30.1,True,DRY,OPEN
22.87,False,MOIST,OPEN
22.76,True,DRY,OPEN
34.48,False,DRY,OPEN
32.14,True,MOIST,OPEN
24.04,True,MOIST,OPEN
37.11,True,MOIST,OPEN
24.92,True,DRY,OPEN
28.48,False,MOIST,OPEN
32.59,False,DRY,OPEN
20.95,True,DRY,OPEN
33.19,False,MOIST,OPEN
32.4,False,MOIST,OPEN
29.25,True,DRY,OPEN
34.86,True,DRY,OPEN
27.77,True,MOIST,OPEN
39.14,False,DRY,OPEN
39.03,False,DRY,OPEN
35.97,False,MOIST,OPEN
37.78,True,MOIST,OPEN
32.73,True,DRY,OPEN
29.02,False,DRY,OPEN
25.51,False,DRY,OPEN
29.83,True,DRY,OPEN
20.04,True,MOIST,OPEN
39.44,True,DRY,OPEN
30.83,False,MOIST,OPEN
28.03,False,MOIST,OPEN
24.48,True,MOIST,OPEN
32.72,False,DRY,OPEN
27.28,True,MOIST,OPEN
28.68,True,MOIST,OPEN
31.07,False,MOIST,OPEN
29.28,True,MOIST,OPEN
32.08,False,DRY,OPEN
